case_id,submitted_at,complaint_type,ward_or_area,source_channel,assigned_department,predicted_department,routing_confidence,status,is_open_true,stale_risk_score,advisory
TOR311-7B1939713E52,2026-04-26 16:20:52,Hazardous Waste Pick-up,Scarborough Southwest (20),Public 311 benchmark,Solid Waste Management Services,Solid Waste Management Services,0.9999,New,1,0.0006,Staff decision support only. Not an automated decision.
TOR311-0AE8427F9F5A,2026-04-24 21:16:49,Road Pothole / Road Damage,Etobicoke Centre (02),Public 311 benchmark,Transportation Services,Transportation Services,1.0,In Progress,1,0.0588,Staff decision support only. Not an automated decision.
TOR311-062A7BDF9282,2026-04-26 13:16:42,Injured - Wildlife,Scarborough Southwest (20),Public 311 benchmark,Municipal Licensing & Standards,Municipal Licensing & Standards,0.9991,Completed,0,0.0003,Staff decision support only. Not an automated decision.
TOR311-A1D2CC438A08,2026-04-07 16:19:37,Timeliness - Complaint - Toronto Water,Toronto-St. Paul's (12),Public 311 benchmark,Toronto Water,Toronto Water,0.9963,In Progress,1,0.7335,Staff decision support only. Not an automated decision.
TOR311-CCC14F44EF2D,2026-04-16 15:09:18,Traffic Signal Repair,Scarborough-Agincourt (22),Public 311 benchmark,Transportation Services,Transportation Services,0.9994,Completed,0,0.0108,Staff decision support only. Not an automated decision.
TOR311-091C345A23EE,2026-04-08 20:35:42,Residential Oversized/Electronics Item Day Collection Not Picked Up,Parkdale-High Park (04),Public 311 benchmark,Solid Waste Management Services,Solid Waste Management Services,0.9977,Cancelled,0,0.0001,Staff decision support only. Not an automated decision.
TOR311-F02DD24AF338,2026-04-14 12:45:50,Catch Basin - Blocked / Flooding,Etobicoke Centre (02),Public 311 benchmark,Transportation Services,Transportation Services,0.9977,Completed,0,0.0247,Staff decision support only. Not an automated decision.
TOR311-BF967B17D30F,2026-04-01 15:16:29,Clean up Illegal Dumping on City Road Allowance,Scarborough-Rouge Park (25),Public 311 benchmark,Solid Waste Management Services,Solid Waste Management Services,0.9873,Cancelled,0,0.0063,Staff decision support only. Not an automated decision.
TOR311-10409E7964E7,2026-04-01 15:01:06,General Tree Maintenance,Parkdale-High Park (04),Public 311 benchmark,"Environment, Climate & Forestry","Environment, Climate & Forestry",0.9916,New,1,0.7306,Staff decision support only. Not an automated decision.
TOR311-1BF3F08D2F7A,2026-04-27 09:09:17,Water Service Line-Turn Off/Burst,Etobicoke Centre (02),Public 311 benchmark,Toronto Water,Toronto Water,0.9974,Completed,0,0.2162,Staff decision support only. Not an automated decision.
TOR311-44C46A48850D,2026-04-27 20:23:25,Property Standards and Maintenance Violations,Davenport (09),Public 311 benchmark,Municipal Licensing & Standards,Municipal Licensing & Standards,0.9999,In Progress,1,0.2318,Staff decision support only. Not an automated decision.
TOR311-B3FFF10A2E1A,2026-04-13 09:26:39,Investigate - Menace,Parkdale-High Park (04),Public 311 benchmark,Municipal Licensing & Standards,Municipal Licensing & Standards,0.9922,Completed,0,0.0384,Staff decision support only. Not an automated decision.
TOR311-7FDA7F425846,2026-04-17 12:41:20,Staff Service - Compliment - Road Operations,Scarborough-Guildwood (24),Public 311 benchmark,Transportation Services,Transportation Services,0.9851,Completed,0,0.1089,Staff decision support only. Not an automated decision.
TOR311-4E9AB0F96D48,2026-04-11 18:18:47,Clean up Illegal Dumping on City Road Allowance,Toronto-Danforth (14),Public 311 benchmark,Solid Waste Management Services,Solid Waste Management Services,0.9847,Completed,0,0.0116,Staff decision support only. Not an automated decision.
TOR311-A98810288B39,2026-04-08 16:49:53,Residential: Garbage Bin: Missing,Toronto Centre (13),Public 311 benchmark,Solid Waste Management Services,Solid Waste Management Services,0.9966,Completed,0,0.0132,Staff decision support only. Not an automated decision.
TOR311-CC997A634C21,2026-04-22 03:54:59,Power Device Noise,Willowdale (18),Public 311 benchmark,Municipal Licensing & Standards,Municipal Licensing & Standards,0.9809,In Progress,1,0.0195,Staff decision support only. Not an automated decision.
TOR311-CFAA009B7DFD,2026-04-10 13:19:43,Timeliness of Service - Complaint - Road Operations,University-Rosedale (11),Public 311 benchmark,Transportation Services,Transportation Services,0.9928,Completed,0,0.1502,Staff decision support only. Not an automated decision.
TOR311-EC631EB1DC45,2026-04-01 11:38:19,Walkway - Damaged or Uneven,Toronto Centre (13),Public 311 benchmark,Transportation Services,Transportation Services,0.9898,New,1,0.3634,Staff decision support only. Not an automated decision.
TOR311-5BC2CC98DBBC,2026-04-17 10:18:45,Road Pothole / Road Damage,Toronto-Danforth (14),Public 311 benchmark,Transportation Services,Transportation Services,1.0,Completed,0,0.0382,Staff decision support only. Not an automated decision.
TOR311-5B0FB70D6697,2026-04-03 16:52:10,Construction Noise,Eglinton-Lawrence (08),Public 311 benchmark,Municipal Licensing & Standards,Municipal Licensing & Standards,0.9971,Completed,0,0.0105,Staff decision support only. Not an automated decision.
TOR311-F8D4A97FDFCA,2026-04-27 13:14:22,Report an Encroachment on City Property,Scarborough-Guildwood (24),Public 311 benchmark,Transportation Services,Transportation Services,0.9944,Completed,0,0.1617,Staff decision support only. Not an automated decision.
TOR311-36DA7B3EA808,2026-04-13 17:03:00,Clean up Debris on Road,Toronto-Danforth (14),Public 311 benchmark,Transportation Services,Transportation Services,0.9963,In Progress,1,0.0311,Staff decision support only. Not an automated decision.
TOR311-0E27F1933546,2026-04-13 12:01:43,Water Service Line-Check Water Service Box,Etobicoke-Lakeshore (03),Public 311 benchmark,Toronto Water,Toronto Water,0.9977,New,1,0.6189,Staff decision support only. Not an automated decision.
TOR311-970B8C05F53B,2026-04-26 19:38:56,Moving Motor Vehicle Noise,York Centre (06),Public 311 benchmark,Municipal Licensing & Standards,Municipal Licensing & Standards,0.997,Completed,0,0.0037,Staff decision support only. Not an automated decision.
TOR311-C21273F95612,2026-04-05 17:05:00,Injured - Wildlife,Parkdale-High Park (04),Public 311 benchmark,Municipal Licensing & Standards,Municipal Licensing & Standards,0.9987,Completed,0,0.0007,Staff decision support only. Not an automated decision.
TOR311-A26C2C2A4AEC,2026-04-23 08:20:36,New Tree Planting,Spadina-Fort York (10),Public 311 benchmark,"Environment, Climate & Forestry","Environment, Climate & Forestry",0.9764,Completed,0,0.217,Staff decision support only. Not an automated decision.
TOR311-F657EA8A16A8,2026-04-23 16:41:32,Residential or Park Tree Removal,Don Valley North (17),Public 311 benchmark,"Environment, Climate & Forestry","Environment, Climate & Forestry",0.9888,New,1,0.8139,Staff decision support only. Not an automated decision.
TOR311-DFF78D40F77E,2026-04-04 23:12:50,Signs,York Centre (06),Public 311 benchmark,Municipal Licensing & Standards,Municipal Licensing & Standards,0.9909,In Progress,1,0.0647,Staff decision support only. Not an automated decision.
TOR311-3CAB62556F10,2026-04-23 16:28:17,Residential Bin Lid Damaged,Eglinton-Lawrence (08),Public 311 benchmark,Solid Waste Management Services,Solid Waste Management Services,0.9994,Completed,0,0.0004,Staff decision support only. Not an automated decision.
TOR311-577D61515F05,2026-04-06 17:49:59,Commercial Tree Planting,Spadina-Fort York (10),Public 311 benchmark,"Environment, Climate & Forestry","Environment, Climate & Forestry",0.7883,Completed,0,0.4174,Staff decision support only. Not an automated decision.
TOR311-086B7A326F95,2026-04-09 17:41:56,Curb - Damaged,Eglinton-Lawrence (08),Public 311 benchmark,Transportation Services,Transportation Services,0.986,In Progress,1,0.1227,Staff decision support only. Not an automated decision.
TOR311-864021B3D53E,2026-04-12 19:41:26,Residential Oversized/Electronics Item Day Collection Not Picked Up,Scarborough-Rouge Park (25),Public 311 benchmark,Solid Waste Management Services,Solid Waste Management Services,0.9978,Completed,0,0.0001,Staff decision support only. Not an automated decision.
TOR311-0E76DF5069BF,2026-04-14 17:58:51,Road Pothole / Road Damage,Beaches-East York (19),Public 311 benchmark,Transportation Services,Transportation Services,1.0,Completed,0,0.0356,Staff decision support only. Not an automated decision.
TOR311-494820993411,2026-04-06 14:45:41,Missing/Damaged/Faded/Relocating Street Name or Traffic Signs,Davenport (09),Public 311 benchmark,Transportation Services,Transportation Services,0.9985,Completed,0,0.3453,Staff decision support only. Not an automated decision.
TOR311-405D5C78B499,2026-04-23 19:35:30,Road Pothole / Road Damage,Scarborough-Agincourt (22),Public 311 benchmark,Transportation Services,Transportation Services,1.0,Completed,0,0.0164,Staff decision support only. Not an automated decision.
TOR311-B725CCD9B234,2026-04-23 23:06:22,Residential - Garbage Day Collection - Not Picked Up,Davenport (09),Public 311 benchmark,Solid Waste Management Services,Solid Waste Management Services,0.9998,Closed,0,0.0002,Staff decision support only. Not an automated decision.
TOR311-BDEA4533FDB2,2026-04-08 17:44:26,Residential Organic & Garbage Not Picked Up,Parkdale-High Park (04),Public 311 benchmark,Solid Waste Management Services,Solid Waste Management Services,0.9972,Completed,0,0.0002,Staff decision support only. Not an automated decision.
TOR311-D1C9DA833828,2026-04-30 15:13:42,General Pruning,Scarborough Centre (21),Public 311 benchmark,"Environment, Climate & Forestry","Environment, Climate & Forestry",0.9941,New,1,0.9122,Staff decision support only. Not an automated decision.
TOR311-04FEC7156B06,2026-04-28 09:23:24,Park Litter and Garbage,Humber River-Black Creek (07),Public 311 benchmark,Parks and Recreation,Parks and Recreation,0.9702,Cancelled,0,0.0922,Staff decision support only. Not an automated decision.
TOR311-E3698EEF5501,2026-04-26 07:46:40,Property Standards and Maintenance Violations,Scarborough-Agincourt (22),Public 311 benchmark,Municipal Licensing & Standards,Municipal Licensing & Standards,0.9999,Cancelled,0,0.1545,Staff decision support only. Not an automated decision.
TOR311-A2D6316A35BA,2026-04-29 11:56:36,Replace Missing Residential Organic Bin,Scarborough Southwest (20),Public 311 benchmark,Solid Waste Management Services,Solid Waste Management Services,0.9941,In Progress,1,0.0002,Staff decision support only. Not an automated decision.
TOR311-EF688527C3D2,2026-04-18 14:20:57,Dog Off-Leash in a City Park,Davenport (09),Public 311 benchmark,Municipal Licensing & Standards,Municipal Licensing & Standards,0.9948,Completed,0,0.097,Staff decision support only. Not an automated decision.
TOR311-C0E7DEB29014,2026-04-09 13:53:35,Curb Day Collection Staff - Complaint - Solid Waste Management,Don Valley East (16),Public 311 benchmark,Solid Waste Management Services,Solid Waste Management Services,0.9926,Completed,0,0.0093,Staff decision support only. Not an automated decision.
TOR311-1F3EA6E57524,2026-04-21 14:00:01,Sewer Service Line-Blocked,Beaches-East York (19),Public 311 benchmark,Toronto Water,Toronto Water,0.9999,In Progress,1,0.136,Staff decision support only. Not an automated decision.
TOR311-CC489651E240,2026-04-22 13:48:55,Residential Bin Lid Damaged,University-Rosedale (11),Public 311 benchmark,Solid Waste Management Services,Solid Waste Management Services,0.9996,Completed,0,0.0003,Staff decision support only. Not an automated decision.
TOR311-9C8B706A593E,2026-04-17 19:13:50,Residential - Garbage Night Collection - Not Picked Up,York South-Weston (05),Public 311 benchmark,Solid Waste Management Services,Solid Waste Management Services,0.9948,Cancelled,0,0.0004,Staff decision support only. Not an automated decision.
TOR311-66C28DBED741,2026-04-29 15:01:41,Curb - Damaged,Spadina-Fort York (10),Public 311 benchmark,Transportation Services,Transportation Services,0.9861,New,1,0.3673,Staff decision support only. Not an automated decision.
TOR311-524D76157ABC,2026-04-03 11:23:38,River and Ravine Dumping,Don Valley North (17),Public 311 benchmark,Parks and Recreation,Parks and Recreation,0.9373,In Progress,1,0.2195,Staff decision support only. Not an automated decision.
TOR311-8750401A4412,2026-04-28 08:47:03,Clean up Illegal Dumping on City Road Allowance,Don Valley North (17),Public 311 benchmark,Solid Waste Management Services,Solid Waste Management Services,0.9938,Completed,0,0.0173,Staff decision support only. Not an automated decision.
TOR311-608F7787F153,2026-04-27 09:48:51,Property Standards and Maintenance Violations,Willowdale (18),Public 311 benchmark,Municipal Licensing & Standards,Municipal Licensing & Standards,0.9999,In Progress,1,0.2447,Staff decision support only. Not an automated decision.
TOR311-6335D53E6C67,2026-04-04 05:21:59,Restoration Related,Don Valley West (15),Public 311 benchmark,Toronto Water,Toronto Water,0.992,Completed,0,0.2698,Staff decision support only. Not an automated decision.
TOR311-7C118FAB9B15,2026-04-27 11:31:15,Clean up Debris on Road,York South-Weston (05),Public 311 benchmark,Transportation Services,Transportation Services,0.9959,Completed,0,0.0132,Staff decision support only. Not an automated decision.
TOR311-F500C63B2E87,2026-04-02 07:53:07,Residential - Garbage Day Collection - Not Picked Up,Toronto-St. Paul's (12),Public 311 benchmark,Solid Waste Management Services,Solid Waste Management Services,0.9998,Completed,0,0.0006,Staff decision support only. Not an automated decision.
TOR311-FE3299E240B0,2026-04-21 16:26:17,Zoning Regulations Violations,Willowdale (18),Public 311 benchmark,Municipal Licensing & Standards,Municipal Licensing & Standards,0.9958,In Progress,1,0.3247,Staff decision support only. Not an automated decision.
TOR311-E2D7DDA89B05,2026-04-01 18:04:01,Road - Sinking,Scarborough Centre (21),Public 311 benchmark,Transportation Services,Transportation Services,0.9967,Completed,0,0.028,Staff decision support only. Not an automated decision.
TOR311-22453BC0ED70,2026-04-06 12:33:09,Multi-Tenant Houses Licensing and Violations,Davenport (09),Public 311 benchmark,Municipal Licensing & Standards,Municipal Licensing & Standards,0.9886,Completed,0,0.1892,Staff decision support only. Not an automated decision.
TOR311-74308FE2684F,2026-04-10 10:39:48,Investigate - Animal to Human Bite,Spadina-Fort York (10),Public 311 benchmark,Municipal Licensing & Standards,Municipal Licensing & Standards,0.9954,Completed,0,0.0083,Staff decision support only. Not an automated decision.
TOR311-FF3CD7C8D838,2026-04-27 08:09:08,Water Service Line - Low Pressure|| Low Flow Inspection - (Sudden),Etobicoke North (01),Public 311 benchmark,Toronto Water,Toronto Water,0.9952,New,1,0.3702,Staff decision support only. Not an automated decision.
TOR311-8C8DEE9C4018,2026-04-05 19:48:32,Injured - Wildlife,Don Valley North (17),Public 311 benchmark,Municipal Licensing & Standards,Municipal Licensing & Standards,0.9982,Completed,0,0.0018,Staff decision support only. Not an automated decision.
TOR311-4999D8B6168A,2026-04-03 21:10:36,Waste Set Out - Wrong Location / Time/ Day,Davenport (09),Public 311 benchmark,Municipal Licensing & Standards,Municipal Licensing & Standards,0.9959,Closed,0,0.1817,Staff decision support only. Not an automated decision.
TOR311-E883F34D8A5B,2026-04-14 16:03:48,Timeliness - Complaint - Toronto Water,York Centre (06),Public 311 benchmark,Toronto Water,Toronto Water,0.9973,Cancelled,0,0.8643,Staff decision support only. Not an automated decision.
TOR311-B1533275EB5A,2026-04-05 01:36:49,Process or Procedure - Complaint - Toronto Water,Toronto-St. Paul's (12),Public 311 benchmark,Toronto Water,Toronto Water,0.9939,Completed,0,0.4657,Staff decision support only. Not an automated decision.
TOR311-7251127A66B8,2026-04-01 20:40:37,Property Standards and Maintenance Violations,Scarborough-Guildwood (24),Public 311 benchmark,Municipal Licensing & Standards,Municipal Licensing & Standards,0.9999,Completed,0,0.1891,Staff decision support only. Not an automated decision.
TOR311-CCC3E4D35AE8,2026-04-15 17:51:37,General Pruning,Scarborough North (23),Public 311 benchmark,"Environment, Climate & Forestry","Environment, Climate & Forestry",0.9941,New,1,0.9541,Staff decision support only. Not an automated decision.
TOR311-F30D5F50AA45,2026-04-09 20:08:29,Clean up Litter on Sidewalks and Boulevards,Etobicoke North (01),Public 311 benchmark,Solid Waste Management Services,Solid Waste Management Services,0.9645,Completed,0,0.0054,Staff decision support only. Not an automated decision.
TOR311-B8519D2A26E6,2026-04-18 16:44:08,Postering City Property / Structures,Willowdale (18),Public 311 benchmark,Municipal Licensing & Standards,Municipal Licensing & Standards,0.9955,Completed,0,0.0495,Staff decision support only. Not an automated decision.
TOR311-4C1860468823,2026-04-23 17:22:45,Water Meter Strong Leak or Burst,Etobicoke Centre (02),Public 311 benchmark,Toronto Water,Toronto Water,0.9948,Completed,0,0.3042,Staff decision support only. Not an automated decision.
TOR311-7847022753A3,2026-04-01 19:43:51,Water Service Line-No Water,Etobicoke-Lakeshore (03),Public 311 benchmark,Toronto Water,Toronto Water,0.9994,Completed,0,0.0767,Staff decision support only. Not an automated decision.
TOR311-D458E9DE9878,2026-04-20 12:04:39,Waste or Illegal Dumping on Private Property,Scarborough-Guildwood (24),Public 311 benchmark,Municipal Licensing & Standards,Municipal Licensing & Standards,0.9985,In Progress,1,0.275,Staff decision support only. Not an automated decision.
TOR311-21A31DFE062C,2026-04-22 18:11:04,Clean up Needles or Syringes,Toronto Centre (13),Public 311 benchmark,Solid Waste Management Services,Solid Waste Management Services,0.9663,Completed,0,0.0479,Staff decision support only. Not an automated decision.
TOR311-26E5ABFD4A07,2026-04-18 08:35:19,Report an Encroachment on City Property,Parkdale-High Park (04),Public 311 benchmark,Transportation Services,Transportation Services,0.9954,Completed,0,0.3771,Staff decision support only. Not an automated decision.
TOR311-BEC44945E8A3,2026-04-07 14:23:49,Residential Bin Lid Damaged,Etobicoke-Lakeshore (03),Public 311 benchmark,Solid Waste Management Services,Solid Waste Management Services,0.9992,Completed,0,0.0006,Staff decision support only. Not an automated decision.
TOR311-03DCD071A36F,2026-04-13 13:01:21,Clean up Illegal Dumping on City Road Allowance,Toronto Centre (13),Public 311 benchmark,Solid Waste Management Services,Solid Waste Management Services,0.9919,Completed,0,0.0156,Staff decision support only. Not an automated decision.
TOR311-24237016BB3C,2026-04-21 19:08:12,Residential Organics Not Picked Up,Etobicoke-Lakeshore (03),Public 311 benchmark,Solid Waste Management Services,Solid Waste Management Services,0.9947,Completed,0,0.0003,Staff decision support only. Not an automated decision.
TOR311-A2A2B7326632,2026-04-13 12:12:38,Residential or Park Tree Removal,Etobicoke Centre (02),Public 311 benchmark,"Environment, Climate & Forestry","Environment, Climate & Forestry",0.9932,New,1,0.7548,Staff decision support only. Not an automated decision.
TOR311-87E4763801B7,2026-04-01 07:42:03,Zoning Regulations Violations,Willowdale (18),Public 311 benchmark,Municipal Licensing & Standards,Municipal Licensing & Standards,0.9961,Completed,0,0.3564,Staff decision support only. Not an automated decision.
TOR311-130A6B621760,2026-04-01 18:13:07,New Tree Planting,Spadina-Fort York (10),Public 311 benchmark,"Environment, Climate & Forestry","Environment, Climate & Forestry",0.9798,In Progress,1,0.3808,Staff decision support only. Not an automated decision.
TOR311-E7651E86548E,2026-04-27 12:42:45,Additional Residential Organic Bin,Toronto-St. Paul's (12),Public 311 benchmark,Solid Waste Management Services,Solid Waste Management Services,0.9903,Completed,0,0.005,Staff decision support only. Not an automated decision.
TOR311-24EB69EFE184,2026-04-26 20:44:48,Road Pothole / Road Damage,University-Rosedale (11),Public 311 benchmark,Transportation Services,Transportation Services,1.0,Completed,0,0.0461,Staff decision support only. Not an automated decision.
TOR311-866522C0BD39,2026-04-30 12:38:34,Boulevards - Damaged Asphalt,Scarborough-Rouge Park (25),Public 311 benchmark,Transportation Services,Transportation Services,0.9923,In Progress,1,0.3597,Staff decision support only. Not an automated decision.
TOR311-4D477F1C7C00,2026-04-14 09:48:33,Postering City Property / Structures,Willowdale (18),Public 311 benchmark,Municipal Licensing & Standards,Municipal Licensing & Standards,0.9952,Completed,0,0.0449,Staff decision support only. Not an automated decision.
TOR311-DD90F6546977,2026-04-21 15:31:30,Road Pothole / Road Damage,Humber River-Black Creek (07),Public 311 benchmark,Transportation Services,Transportation Services,0.9999,New,1,0.1795,Staff decision support only. Not an automated decision.
TOR311-9DE7E7C8BA21,2026-04-06 10:24:17,Damaged or Shifted Concrete or Planter Bike Lane Barrier,Toronto-St. Paul's (12),Public 311 benchmark,Transportation Services,Transportation Services,0.9871,Completed,0,0.2905,Staff decision support only. Not an automated decision.
TOR311-10229F99BC6A,2026-04-25 10:26:36,Traffic Signal Repair,Toronto-Danforth (14),Public 311 benchmark,Transportation Services,Transportation Services,0.9986,Completed,0,0.0473,Staff decision support only. Not an automated decision.
TOR311-7AD39AB01742,2026-04-02 08:44:54,Residential - Garbage Day Collection - Not Picked Up,Scarborough Southwest (20),Public 311 benchmark,Solid Waste Management Services,Solid Waste Management Services,0.9998,Cancelled,0,0.0002,Staff decision support only. Not an automated decision.
TOR311-1277E93801A8,2026-04-03 23:13:36,Amplified or Musical Instrument Noise,Etobicoke-Lakeshore (03),Public 311 benchmark,Municipal Licensing & Standards,Municipal Licensing & Standards,0.9984,Completed,0,0.0338,Staff decision support only. Not an automated decision.
TOR311-8BC9A5AB093F,2026-04-10 15:38:41,Sidewalk - Cleaning,Davenport (09),Public 311 benchmark,Transportation Services,Transportation Services,0.995,Completed,0,0.5382,Staff decision support only. Not an automated decision.
TOR311-2F2A6AA53D24,2026-04-30 16:26:20,Sidewalk - Cleaning,Spadina-Fort York (10),Public 311 benchmark,Transportation Services,Transportation Services,0.9925,Completed,0,0.674,Staff decision support only. Not an automated decision.
TOR311-7F5F7E83B370,2026-04-08 15:52:18,Illegal Off-Street Parking,Davenport (09),Public 311 benchmark,Transportation Services,Transportation Services,0.9962,Completed,0,0.4482,Staff decision support only. Not an automated decision.
TOR311-760D49ABF612,2026-04-10 17:29:56,Injured - Wildlife,Etobicoke Centre (02),Public 311 benchmark,Municipal Licensing & Standards,Municipal Licensing & Standards,0.9986,Completed,0,0.0003,Staff decision support only. Not an automated decision.
TOR311-50ED6B199852,2026-04-10 20:15:06,Residential Yard Waste Whole Street Not Picked Up,Davenport (09),Public 311 benchmark,Solid Waste Management Services,Solid Waste Management Services,0.9932,Completed,0,0.0007,Staff decision support only. Not an automated decision.
TOR311-B5F9DC158BA2,2026-04-01 18:00:46,Traffic Infiltration,York Centre (06),Public 311 benchmark,Transportation Services,Transportation Services,0.9639,Completed,0,0.4173,Staff decision support only. Not an automated decision.
TOR311-C5EE6A570694,2026-04-28 12:39:36,Property Standards and Maintenance Violations,Davenport (09),Public 311 benchmark,Municipal Licensing & Standards,Municipal Licensing & Standards,0.9999,In Progress,1,0.4006,Staff decision support only. Not an automated decision.
TOR311-3624F16B2DE3,2026-04-25 12:09:55,Moving Motor Vehicle Noise,Scarborough-Agincourt (22),Public 311 benchmark,Municipal Licensing & Standards,Municipal Licensing & Standards,0.9924,Completed,0,0.0252,Staff decision support only. Not an automated decision.
TOR311-744AFE328A4E,2026-04-29 15:07:03,Staff Service - Complaint - 311 Toronto,Spadina-Fort York (10),Public 311 benchmark,311,311,0.9836,Completed,0,0.1771,Staff decision support only. Not an automated decision.
TOR311-3901BD266369,2026-04-10 17:16:45,Boulevard Plow Damage,Scarborough-Rouge Park (25),Public 311 benchmark,Transportation Services,Transportation Services,0.9963,Completed,0,0.4715,Staff decision support only. Not an automated decision.
TOR311-A5ECF8CC4B4B,2026-04-06 08:26:04,Pick up Dead Wildlife,Scarborough Southwest (20),Public 311 benchmark,Municipal Licensing & Standards,Municipal Licensing & Standards,0.9985,Completed,0,0.0004,Staff decision support only. Not an automated decision.
TOR311-B01AB7D90359,2026-04-15 18:21:57,Road Pothole / Road Damage,Eglinton-Lawrence (08),Public 311 benchmark,Transportation Services,Transportation Services,1.0,Completed,0,0.1911,Staff decision support only. Not an automated decision.
TOR311-82C7D1F5A2B6,2026-04-27 11:50:39,Request Water Service Turn Off,Etobicoke-Lakeshore (03),Public 311 benchmark,Toronto Water,Toronto Water,0.997,In Progress,1,0.2865,Staff decision support only. Not an automated decision.
TOR311-1F28FCEEB9C3,2026-04-09 13:11:13,Report an Encroachment on City Property,University-Rosedale (11),Public 311 benchmark,Transportation Services,Transportation Services,0.9955,In Progress,1,0.3583,Staff decision support only. Not an automated decision.
TOR311-29E40D046D36,2026-04-30 12:43:06,Residential: Garbage Bin: Missing,Don Valley East (16),Public 311 benchmark,Solid Waste Management Services,Solid Waste Management Services,0.9945,In Progress,1,0.002,Staff decision support only. Not an automated decision.
TOR311-A554D342A70E,2026-04-13 17:32:22,Missing/Damaged Watch Your Speed Boards,Etobicoke-Lakeshore (03),Public 311 benchmark,Transportation Services,Transportation Services,0.9675,New,1,0.2856,Staff decision support only. Not an automated decision.
TOR311-66426BB21D7E,2026-04-28 18:43:20,Residential Oversized/Electronics Item Day Collection Not Picked Up,Etobicoke-Lakeshore (03),Public 311 benchmark,Solid Waste Management Services,Solid Waste Management Services,0.997,Completed,0,0.0001,Staff decision support only. Not an automated decision.
TOR311-60BD205554CD,2026-04-27 12:48:01,Process and Procedures - Complaint - Road Operations,Scarborough Centre (21),Public 311 benchmark,Transportation Services,Transportation Services,0.9939,Completed,0,0.1003,Staff decision support only. Not an automated decision.
TOR311-127F036D4691,2026-04-03 12:45:40,Residential Bin Lid Damaged,York South-Weston (05),Public 311 benchmark,Solid Waste Management Services,Solid Waste Management Services,0.9995,Completed,0,0.0005,Staff decision support only. Not an automated decision.
TOR311-BCB0BEECA6E2,2026-04-02 08:24:43,Timeliness - Complaint - Toronto Water,Beaches-East York (19),Public 311 benchmark,Toronto Water,Toronto Water,0.9969,Cancelled,0,0.6444,Staff decision support only. Not an automated decision.
TOR311-2F3496FA1039,2026-04-14 10:14:02,Property Standards and Maintenance Violations,Spadina-Fort York (10),Public 311 benchmark,Municipal Licensing & Standards,Municipal Licensing & Standards,0.9999,Completed,0,0.3081,Staff decision support only. Not an automated decision.
TOR311-44406012732A,2026-04-09 12:46:55,Boulevard Plow Damage,Scarborough-Agincourt (22),Public 311 benchmark,Transportation Services,Transportation Services,0.9971,In Progress,1,0.8056,Staff decision support only. Not an automated decision.
TOR311-C9D2B70842C7,2026-04-17 21:28:50,Animal Noise,University-Rosedale (11),Public 311 benchmark,Municipal Licensing & Standards,Municipal Licensing & Standards,0.9979,Completed,0,0.0076,Staff decision support only. Not an automated decision.
TOR311-FF4FF6A9995E,2026-04-06 13:37:45,Boulevard Plow Damage,Humber River-Black Creek (07),Public 311 benchmark,Transportation Services,Transportation Services,0.9923,In Progress,1,0.5429,Staff decision support only. Not an automated decision.
TOR311-C4274BAFB23A,2026-04-16 17:50:21,Residential Bin Lid Damaged,Don Valley East (16),Public 311 benchmark,Solid Waste Management Services,Solid Waste Management Services,0.9992,Completed,0,0.0004,Staff decision support only. Not an automated decision.
TOR311-BBE4906286BB,2026-04-14 17:30:43,New Tree Planting,Don Valley East (16),Public 311 benchmark,"Environment, Climate & Forestry","Environment, Climate & Forestry",0.9819,New,1,0.4143,Staff decision support only. Not an automated decision.
TOR311-766A4A893FAF,2026-04-29 19:27:56,Amplified or Musical Instrument Noise,Etobicoke-Lakeshore (03),Public 311 benchmark,Municipal Licensing & Standards,Municipal Licensing & Standards,0.9984,Completed,0,0.028,Staff decision support only. Not an automated decision.
TOR311-92BD4C4652DB,2026-04-04 13:25:42,Graffiti on Private Property,Toronto Centre (13),Public 311 benchmark,Municipal Licensing & Standards,Municipal Licensing & Standards,0.9976,In Progress,1,0.2593,Staff decision support only. Not an automated decision.
TOR311-DDFB2AC64ADA,2026-04-09 09:00:56,Residential Bin Lid Damaged,University-Rosedale (11),Public 311 benchmark,Solid Waste Management Services,Solid Waste Management Services,0.9995,Completed,0,0.0002,Staff decision support only. Not an automated decision.
TOR311-AECB4089B063,2026-04-08 11:35:45,Waste Set Out - Wrong Location / Time/ Day,Etobicoke North (01),Public 311 benchmark,Municipal Licensing & Standards,Municipal Licensing & Standards,0.9968,Closed,0,0.3455,Staff decision support only. Not an automated decision.
TOR311-2A0C4C84A34F,2026-04-29 12:49:38,Residential Bin Lid Damaged,York Centre (06),Public 311 benchmark,Solid Waste Management Services,Solid Waste Management Services,0.9996,Completed,0,0.0002,Staff decision support only. Not an automated decision.
TOR311-B845C35D9DCF,2026-04-25 15:54:11,Signs,Scarborough-Agincourt (22),Public 311 benchmark,Municipal Licensing & Standards,Municipal Licensing & Standards,0.9738,Completed,0,0.1664,Staff decision support only. Not an automated decision.
TOR311-DD279EA8755A,2026-04-14 14:06:23,Residential - Garbage Night Collection - Whole Street Not Picked Up,Spadina-Fort York (10),Public 311 benchmark,Solid Waste Management Services,Solid Waste Management Services,0.9905,Completed,0,0.0007,Staff decision support only. Not an automated decision.
TOR311-E1C7C7E3874E,2026-04-02 19:40:04,Residential Organics Not Picked Up,Scarborough Southwest (20),Public 311 benchmark,Solid Waste Management Services,Solid Waste Management Services,0.9968,Completed,0,0.0007,Staff decision support only. Not an automated decision.
TOR311-A08E2CE8EB99,2026-04-25 14:15:59,Publication Request - Solid Waste,Toronto-St. Paul's (12),Public 311 benchmark,311,311,0.9892,Completed,0,0.0015,Staff decision support only. Not an automated decision.
TOR311-A48703C20499,2026-04-03 08:30:43,Additional Residential Organic Bin,Beaches-East York (19),Public 311 benchmark,Solid Waste Management Services,Solid Waste Management Services,0.9922,Completed,0,0.0045,Staff decision support only. Not an automated decision.
TOR311-DD865F78E2DE,2026-04-30 13:39:09,Residential: Garbage Bin: Exchange to Large,Scarborough Southwest (20),Public 311 benchmark,Solid Waste Management Services,Solid Waste Management Services,0.9946,In Progress,1,0.0003,Staff decision support only. Not an automated decision.
TOR311-E2E5CF987DC7,2026-04-02 13:08:49,Residential - Garbage Night Collection - Not Picked Up,Toronto-Danforth (14),Public 311 benchmark,Solid Waste Management Services,Solid Waste Management Services,0.9969,Completed,0,0.0003,Staff decision support only. Not an automated decision.
TOR311-05CFA12F8E1E,2026-04-12 21:05:12,Postering City Property / Structures,Willowdale (18),Public 311 benchmark,Municipal Licensing & Standards,Municipal Licensing & Standards,0.9955,Completed,0,0.0524,Staff decision support only. Not an automated decision.
TOR311-747692EDC8F7,2026-04-30 15:26:48,Residential / Yard Waste / Missed,Scarborough-Agincourt (22),Public 311 benchmark,Solid Waste Management Services,Solid Waste Management Services,0.9825,Cancelled,0,0.0237,Staff decision support only. Not an automated decision.
TOR311-717ECFA15DF5,2026-04-14 12:19:16,Road Pothole / Road Damage,Scarborough-Agincourt (22),Public 311 benchmark,Transportation Services,Transportation Services,1.0,Completed,0,0.0346,Staff decision support only. Not an automated decision.
TOR311-DD8DE5CAE96C,2026-04-19 15:03:36,Pick up Dead Wildlife,Toronto-Danforth (14),Public 311 benchmark,Municipal Licensing & Standards,Municipal Licensing & Standards,0.9985,Cancelled,0,0.0009,Staff decision support only. Not an automated decision.
TOR311-3842978FEA7A,2026-04-16 13:06:20,Culverts - Blocked,Etobicoke Centre (02),Public 311 benchmark,Transportation Services,Transportation Services,0.9684,Completed,0,0.0581,Staff decision support only. Not an automated decision.
TOR311-B435C1EAEDE6,2026-04-02 20:48:38,Road Pothole / Road Damage,Scarborough North (23),Public 311 benchmark,Transportation Services,Transportation Services,1.0,Completed,0,0.0185,Staff decision support only. Not an automated decision.
TOR311-7E724EA69F9B,2026-04-14 05:31:44,Road Pothole / Road Damage,Etobicoke Centre (02),Public 311 benchmark,Transportation Services,Transportation Services,1.0,In Progress,1,0.077,Staff decision support only. Not an automated decision.
TOR311-D78562C826FA,2026-04-25 13:45:30,Road Pothole / Road Damage,Don Valley West (15),Public 311 benchmark,Transportation Services,Transportation Services,1.0,Completed,0,0.0139,Staff decision support only. Not an automated decision.
TOR311-B7AEDD45DBA7,2026-04-06 12:05:54,Request Water Service Turn On,Scarborough North (23),Public 311 benchmark,Toronto Water,Toronto Water,0.9957,Completed,0,0.1626,Staff decision support only. Not an automated decision.
TOR311-A5314FA699FE,2026-04-10 08:45:52,Clean up Debris on Road,York South-Weston (05),Public 311 benchmark,Transportation Services,Transportation Services,0.9958,Completed,0,0.0143,Staff decision support only. Not an automated decision.
TOR311-0028E17FE099,2026-04-30 22:22:00,Graffiti on Private Property,Davenport (09),Public 311 benchmark,Municipal Licensing & Standards,Municipal Licensing & Standards,0.995,In Progress,1,0.3221,Staff decision support only. Not an automated decision.
TOR311-70C3BC1EDB45,2026-04-25 15:19:51,Taxi|| Limo Complaint,Spadina-Fort York (10),Public 311 benchmark,Municipal Licensing & Standards,Municipal Licensing & Standards,0.9907,Unknown,1,0.9129,Staff decision support only. Not an automated decision.
TOR311-B60C73A09B79,2026-04-14 15:43:23,Dog Off-Leash,Don Valley North (17),Public 311 benchmark,Municipal Licensing & Standards,Municipal Licensing & Standards,0.9892,Completed,0,0.0934,Staff decision support only. Not an automated decision.
TOR311-00370CB78042,2026-04-10 13:23:55,Bins - Complaint - Solid Waste Management,Beaches-East York (19),Public 311 benchmark,Solid Waste Management Services,Solid Waste Management Services,0.9854,Completed,0,0.0076,Staff decision support only. Not an automated decision.
TOR311-C4ACA1371228,2026-04-23 23:57:24,Park Playground Repairs,Scarborough Centre (21),Public 311 benchmark,Parks and Recreation,Parks and Recreation,0.9758,Completed,0,0.1522,Staff decision support only. Not an automated decision.
TOR311-C353EBDEC148,2026-04-15 15:59:49,Residential Organics Not Picked Up,Toronto-Danforth (14),Public 311 benchmark,Solid Waste Management Services,Solid Waste Management Services,0.997,Cancelled,0,0.001,Staff decision support only. Not an automated decision.
TOR311-E11CD0F04641,2026-04-18 09:59:26,Fence,Don Valley West (15),Public 311 benchmark,Municipal Licensing & Standards,Municipal Licensing & Standards,0.9738,In Progress,1,0.2106,Staff decision support only. Not an automated decision.
TOR311-56258DEFD718,2026-04-27 12:43:11,Report an Encroachment on City Property,Scarborough-Guildwood (24),Public 311 benchmark,Transportation Services,Transportation Services,0.9938,Completed,0,0.2359,Staff decision support only. Not an automated decision.
TOR311-A9B65EC211BC,2026-04-09 10:55:00,Catch Basin - Blocked / Flooding,Toronto-Danforth (14),Public 311 benchmark,Transportation Services,Transportation Services,0.998,New,1,0.1167,Staff decision support only. Not an automated decision.
TOR311-737061FC529A,2026-04-19 18:51:02,Residential Front & Side Collected Organics Not Picked Up,Eglinton-Lawrence (08),Public 311 benchmark,Solid Waste Management Services,Solid Waste Management Services,0.9692,Completed,0,0.0019,Staff decision support only. Not an automated decision.
TOR311-4ACDE5731E39,2026-04-26 13:47:44,Amplified or Musical Instrument Noise,Eglinton-Lawrence (08),Public 311 benchmark,Municipal Licensing & Standards,Municipal Licensing & Standards,0.9981,Completed,0,0.0214,Staff decision support only. Not an automated decision.
TOR311-B8DC2F65D413,2026-04-24 08:36:30,Non-residential Garbage Bag/s Not Picked Up,Davenport (09),Public 311 benchmark,Solid Waste Management Services,Solid Waste Management Services,0.9947,Cancelled,0,0.0011,Staff decision support only. Not an automated decision.
TOR311-4CD542389188,2026-04-20 10:23:16,Road Pothole / Road Damage,York Centre (06),Public 311 benchmark,Transportation Services,Transportation Services,1.0,In Progress,1,0.3043,Staff decision support only. Not an automated decision.
TOR311-2C3BF86E77E8,2026-04-12 17:48:21,Road Pothole / Road Damage,Eglinton-Lawrence (08),Public 311 benchmark,Transportation Services,Transportation Services,1.0,Completed,0,0.0373,Staff decision support only. Not an automated decision.
TOR311-D6EB0745928C,2026-04-14 19:30:08,Sewer Service Line-Blocked,York South-Weston (05),Public 311 benchmark,Toronto Water,Toronto Water,0.9999,Completed,0,0.125,Staff decision support only. Not an automated decision.
TOR311-B7630FE840F8,2026-04-01 21:38:51,Bicycle Stand (Post and Ring) Repair or Graffiti Removal,Toronto Centre (13),Public 311 benchmark,Transportation Services,Transportation Services,0.9732,Completed,0,0.2559,Staff decision support only. Not an automated decision.
TOR311-C87F536B5A67,2026-04-21 12:48:36,Multi-residential Front End Loaded Oversized Items Not Picked Up,Toronto Centre (13),Public 311 benchmark,Solid Waste Management Services,Solid Waste Management Services,0.9964,Completed,0,0.0004,Staff decision support only. Not an automated decision.
TOR311-8A06240B58BA,2026-04-27 13:07:37,Report an Encroachment on City Property,Scarborough-Guildwood (24),Public 311 benchmark,Transportation Services,Transportation Services,0.9944,Completed,0,0.1617,Staff decision support only. Not an automated decision.
TOR311-F0E602D77B93,2026-04-13 14:02:01,Residential Bin Lid Damaged,Parkdale-High Park (04),Public 311 benchmark,Solid Waste Management Services,Solid Waste Management Services,0.9995,Completed,0,0.0004,Staff decision support only. Not an automated decision.
TOR311-AA6339BBBC81,2026-04-29 14:16:59,Water Service Line-Check Water Service Box,Etobicoke-Lakeshore (03),Public 311 benchmark,Toronto Water,Toronto Water,0.9977,New,1,0.6458,Staff decision support only. Not an automated decision.
TOR311-D9DF63732645,2026-04-11 00:09:39,Waste Set Out - Wrong Location / Time/ Day,Beaches-East York (19),Public 311 benchmark,Municipal Licensing & Standards,Municipal Licensing & Standards,0.9963,In Progress,1,0.4205,Staff decision support only. Not an automated decision.
TOR311-421E924F08FC,2026-04-15 09:57:43,Residential - Garbage Day Collection - Not Picked Up,Toronto-St. Paul's (12),Public 311 benchmark,Solid Waste Management Services,Solid Waste Management Services,0.9998,Cancelled,0,0.0003,Staff decision support only. Not an automated decision.
TOR311-8742E2BDE811,2026-04-01 17:01:01,Catch Basin - Blocked / Flooding,Scarborough-Guildwood (24),Public 311 benchmark,Transportation Services,Transportation Services,0.9965,Completed,0,0.0262,Staff decision support only. Not an automated decision.
TOR311-2B760B409094,2026-04-27 13:35:09,Report an Encroachment on City Property,Scarborough Centre (21),Public 311 benchmark,Transportation Services,Transportation Services,0.9959,Completed,0,0.1588,Staff decision support only. Not an automated decision.
TOR311-DE89D73460C0,2026-04-18 04:39:15,Investigate - Dog Excrement,Toronto Centre (13),Public 311 benchmark,Municipal Licensing & Standards,Municipal Licensing & Standards,0.9969,Cancelled,0,0.0431,Staff decision support only. Not an automated decision.
TOR311-4DBE2D4BB27E,2026-04-30 11:31:04,Curb Day Collection Staff - Complaint - Solid Waste Management,Toronto-St. Paul's (12),Public 311 benchmark,Solid Waste Management Services,Solid Waste Management Services,0.9943,Completed,0,0.0125,Staff decision support only. Not an automated decision.
TOR311-4F3DEDF8B248,2026-04-28 16:48:04,Missing or Damaged Bike Lane Flexible Bollards,Etobicoke-Lakeshore (03),Public 311 benchmark,Transportation Services,Transportation Services,0.9848,In Progress,1,0.2263,Staff decision support only. Not an automated decision.
TOR311-764A82F748D6,2026-04-29 13:44:03,Clean up Litter on Sidewalks and Boulevards,Toronto Centre (13),Public 311 benchmark,Solid Waste Management Services,Solid Waste Management Services,0.9939,Completed,0,0.0029,Staff decision support only. Not an automated decision.
TOR311-BE469019A781,2026-04-30 20:16:18,Encroachments,University-Rosedale (11),Public 311 benchmark,Municipal Licensing & Standards,Municipal Licensing & Standards,0.9612,Cancelled,0,0.1809,Staff decision support only. Not an automated decision.
TOR311-5C81E527793C,2026-04-09 17:52:25,Moving Motor Vehicle Noise,York Centre (06),Public 311 benchmark,Municipal Licensing & Standards,Municipal Licensing & Standards,0.9969,Completed,0,0.0047,Staff decision support only. Not an automated decision.
TOR311-C0128F1C5239,2026-04-02 10:41:02,Clean up Illegal Dumping on City Road Allowance,Scarborough-Rouge Park (25),Public 311 benchmark,Solid Waste Management Services,Solid Waste Management Services,0.9966,Cancelled,0,0.0059,Staff decision support only. Not an automated decision.
TOR311-63EA5E2FD379,2026-04-22 06:49:58,Pick up Dead Wildlife,Spadina-Fort York (10),Public 311 benchmark,Municipal Licensing & Standards,Municipal Licensing & Standards,0.9939,Cancelled,0,0.0014,Staff decision support only. Not an automated decision.
TOR311-1C81B4FA2C85,2026-04-14 11:32:19,Bridge - Graffiti Complaint,University-Rosedale (11),Public 311 benchmark,Transportation Services,Transportation Services,0.9591,New,1,0.6762,Staff decision support only. Not an automated decision.
TOR311-5CF01F41AD27,2026-04-12 19:50:45,Damaged Concrete Sidewalk,York Centre (06),Public 311 benchmark,Transportation Services,Transportation Services,0.9953,Completed,0,0.227,Staff decision support only. Not an automated decision.
TOR311-2D1DED9EB76F,2026-04-30 10:21:11,Clean up Debris on Road,York South-Weston (05),Public 311 benchmark,Transportation Services,Transportation Services,0.9981,Completed,0,0.018,Staff decision support only. Not an automated decision.
TOR311-C4DDD8931D8B,2026-04-13 08:51:09,Multi-Tenant Houses Licensing and Violations,Toronto Centre (13),Public 311 benchmark,Municipal Licensing & Standards,Municipal Licensing & Standards,0.9944,In Progress,1,0.1239,Staff decision support only. Not an automated decision.
TOR311-A5C62469EED9,2026-04-17 13:57:55,Culverts-Damaged / Maintenance Requested,Scarborough-Rouge Park (25),Public 311 benchmark,Transportation Services,Transportation Services,0.9528,In Progress,1,0.2651,Staff decision support only. Not an automated decision.
TOR311-C93083E8F000,2026-04-01 09:27:42,Catch basin (Storm)-Overflowing,Scarborough Southwest (20),Public 311 benchmark,Toronto Water,Toronto Water,0.981,Cancelled,0,0.095,Staff decision support only. Not an automated decision.
TOR311-C59A862F91C1,2026-04-26 11:44:02,Pick up Dead Wildlife,Etobicoke-Lakeshore (03),Public 311 benchmark,Municipal Licensing & Standards,Municipal Licensing & Standards,0.998,Cancelled,0,0.0004,Staff decision support only. Not an automated decision.
TOR311-6B4BD374B169,2026-04-16 17:23:32,Sidewalk - Cleaning,Scarborough-Agincourt (22),Public 311 benchmark,Transportation Services,Transportation Services,0.9945,Completed,0,0.54,Staff decision support only. Not an automated decision.
TOR311-E7ECD701B7A5,2026-04-16 21:13:15,Catch Basin - Blocked / Flooding,Scarborough-Agincourt (22),Public 311 benchmark,Transportation Services,Transportation Services,0.9982,Completed,0,0.0274,Staff decision support only. Not an automated decision.
TOR311-5484BB2B08EE,2026-04-04 17:23:55,Waste or Illegal Dumping on Private Property,York Centre (06),Public 311 benchmark,Municipal Licensing & Standards,Municipal Licensing & Standards,0.9985,In Progress,1,0.1576,Staff decision support only. Not an automated decision.
TOR311-A28B5209897D,2026-04-22 21:03:52,Waste or Illegal Dumping on Private Property,Don Valley North (17),Public 311 benchmark,Municipal Licensing & Standards,Municipal Licensing & Standards,0.9979,Completed,0,0.2254,Staff decision support only. Not an automated decision.
TOR311-49DF09358EFD,2026-04-08 11:24:19,Request Water Service Turn On,Eglinton-Lawrence (08),Public 311 benchmark,Toronto Water,Toronto Water,0.9964,Cancelled,0,0.3563,Staff decision support only. Not an automated decision.
TOR311-7CAD4E23CF71,2026-04-15 16:39:55,Missing/Damaged/Faded Emergency Traffic Signs,Beaches-East York (19),Public 311 benchmark,Transportation Services,Transportation Services,0.9953,Completed,0,0.3739,Staff decision support only. Not an automated decision.
TOR311-D8DC6F28F4BE,2026-04-06 12:14:20,Bin Investigation Request,Toronto-Danforth (14),Public 311 benchmark,Solid Waste Management Services,Solid Waste Management Services,0.9832,Completed,0,0.0249,Staff decision support only. Not an automated decision.
TOR311-133F3D7D1193,2026-04-21 20:19:11,Residential Organics Not Picked Up,Beaches-East York (19),Public 311 benchmark,Solid Waste Management Services,Solid Waste Management Services,0.996,Completed,0,0.0007,Staff decision support only. Not an automated decision.
TOR311-CB01EC8FD51D,2026-04-15 14:43:51,Hazardous Waste Pick-up,Parkdale-High Park (04),Public 311 benchmark,Solid Waste Management Services,Solid Waste Management Services,0.9999,Completed,0,0.0032,Staff decision support only. Not an automated decision.
TOR311-89BB6036D1F0,2026-04-01 13:34:10,Zoning Regulations Violations,Scarborough Centre (21),Public 311 benchmark,Municipal Licensing & Standards,Municipal Licensing & Standards,0.9966,Completed,0,0.4757,Staff decision support only. Not an automated decision.
TOR311-F2285ADD33DD,2026-04-25 14:52:51,Residential Bin Lid Damaged,Parkdale-High Park (04),Public 311 benchmark,Solid Waste Management Services,Solid Waste Management Services,0.9996,Completed,0,0.0002,Staff decision support only. Not an automated decision.
TOR311-3BD0D39C9767,2026-04-17 10:37:48,Walkway-Weeds Need Cutting,Willowdale (18),Public 311 benchmark,Transportation Services,Transportation Services,0.691,Completed,0,0.1533,Staff decision support only. Not an automated decision.
TOR311-2BBAC8EE3DF6,2026-04-27 11:41:08,Residential or Park Tree Removal,Davenport (09),Public 311 benchmark,"Environment, Climate & Forestry","Environment, Climate & Forestry",0.9916,New,1,0.5845,Staff decision support only. Not an automated decision.
TOR311-76EE9263D8FD,2026-04-01 11:16:37,Street Furniture Request,Spadina-Fort York (10),Public 311 benchmark,Transportation Services,Transportation Services,0.9932,Unknown,1,0.9879,Staff decision support only. Not an automated decision.
TOR311-6D3DA027DB1C,2026-04-16 16:11:40,Postering City Property / Structures,Toronto Centre (13),Public 311 benchmark,Municipal Licensing & Standards,Municipal Licensing & Standards,0.9961,Completed,0,0.0526,Staff decision support only. Not an automated decision.
TOR311-49B268FD206B,2026-04-30 23:19:29,Injured - Wildlife,Don Valley East (16),Public 311 benchmark,Municipal Licensing & Standards,Municipal Licensing & Standards,0.9982,Completed,0,0.0039,Staff decision support only. Not an automated decision.
TOR311-7848CF65F4E0,2026-04-08 16:29:27,Waste or Illegal Dumping on Private Property,Scarborough Southwest (20),Public 311 benchmark,Municipal Licensing & Standards,Municipal Licensing & Standards,0.9968,In Progress,1,0.124,Staff decision support only. Not an automated decision.
TOR311-EE6B7C39EEFE,2026-04-20 15:36:29,Road Pothole / Road Damage,Humber River-Black Creek (07),Public 311 benchmark,Transportation Services,Transportation Services,0.9999,Completed,0,0.1795,Staff decision support only. Not an automated decision.
TOR311-C3A84C6FD471,2026-04-23 22:39:25,Residential - Garbage Day Collection - Not Picked Up,Scarborough Southwest (20),Public 311 benchmark,Solid Waste Management Services,Solid Waste Management Services,0.9996,Completed,0,0.0003,Staff decision support only. Not an automated decision.
TOR311-D6B48C8BD0DE,2026-04-23 12:18:53,Report an Encroachment on City Property,Davenport (09),Public 311 benchmark,Transportation Services,Transportation Services,0.997,Completed,0,0.766,Staff decision support only. Not an automated decision.
TOR311-6BF91B3191A0,2026-04-24 16:32:47,Investigate - Animal to Animal Bite,Willowdale (18),Public 311 benchmark,Municipal Licensing & Standards,Municipal Licensing & Standards,0.994,Completed,0,0.0052,Staff decision support only. Not an automated decision.
TOR311-0A72878E8B89,2026-04-14 18:46:17,Residential Bin Body or Handle Damaged,Etobicoke Centre (02),Public 311 benchmark,Solid Waste Management Services,Solid Waste Management Services,0.9914,Completed,0,0.0006,Staff decision support only. Not an automated decision.
TOR311-D7575B41165A,2026-04-15 12:48:13,Dangerous Private Tree Investigation,Scarborough North (23),Public 311 benchmark,"Environment, Climate & Forestry","Environment, Climate & Forestry",0.9829,Completed,0,0.2016,Staff decision support only. Not an automated decision.
TOR311-30C7AA51F875,2026-04-02 13:33:39,Residential Organics Not Picked Up,Scarborough-Agincourt (22),Public 311 benchmark,Solid Waste Management Services,Solid Waste Management Services,0.9962,Cancelled,0,0.0014,Staff decision support only. Not an automated decision.
TOR311-E094301ED379,2026-04-03 08:04:04,Traffic Signal Repair,Scarborough Centre (21),Public 311 benchmark,Transportation Services,Transportation Services,0.9991,Completed,0,0.0306,Staff decision support only. Not an automated decision.
TOR311-C47010E7E09E,2026-04-10 17:20:21,Residential Organic Bin Whole Street Not Picked Up,Scarborough-Guildwood (24),Public 311 benchmark,Solid Waste Management Services,Solid Waste Management Services,0.9966,Cancelled,0,0.0008,Staff decision support only. Not an automated decision.
TOR311-1B8F696B233F,2026-04-13 10:07:50,Property Standards and Maintenance Violations,Scarborough-Agincourt (22),Public 311 benchmark,Municipal Licensing & Standards,Municipal Licensing & Standards,0.9999,Completed,0,0.1628,Staff decision support only. Not an automated decision.
TOR311-B61D367D810B,2026-04-01 13:12:24,Catch Basin - Blocked / Flooding,Etobicoke-Lakeshore (03),Public 311 benchmark,Transportation Services,Transportation Services,0.9978,Completed,0,0.0355,Staff decision support only. Not an automated decision.
TOR311-1DD1276E06B1,2026-04-20 11:30:08,Pick up Dead Domestic Animals,York South-Weston (05),Public 311 benchmark,Municipal Licensing & Standards,Municipal Licensing & Standards,0.9933,Completed,0,0.007,Staff decision support only. Not an automated decision.
TOR311-8A81DB32FEEB,2026-04-06 08:02:59,Pick up Dead Wildlife,Etobicoke North (01),Public 311 benchmark,Municipal Licensing & Standards,Municipal Licensing & Standards,0.9978,Completed,0,0.0004,Staff decision support only. Not an automated decision.
TOR311-F9F16B700077,2026-04-03 19:31:26,Walkway - Damaged or Uneven,Don Valley West (15),Public 311 benchmark,Transportation Services,Transportation Services,0.9934,In Progress,1,0.3066,Staff decision support only. Not an automated decision.
TOR311-E809DC373BCA,2026-04-03 10:02:58,Residential - Garbage Day Collection - Not Picked Up,Toronto-Danforth (14),Public 311 benchmark,Solid Waste Management Services,Solid Waste Management Services,0.9998,Cancelled,0,0.0001,Staff decision support only. Not an automated decision.
TOR311-ED9E850D9F75,2026-04-03 16:53:55,Traffic Signal Equipment - Graffiti Complaint,University-Rosedale (11),Public 311 benchmark,Transportation Services,Transportation Services,0.9954,Completed,0,0.0597,Staff decision support only. Not an automated decision.
TOR311-114BE5DA1BA0,2026-04-30 12:07:26,Road Pothole / Road Damage,Scarborough-Guildwood (24),Public 311 benchmark,Transportation Services,Transportation Services,1.0,In Progress,1,0.0704,Staff decision support only. Not an automated decision.
TOR311-0E907F31773F,2026-04-06 06:59:06,Road Pothole / Road Damage,Etobicoke-Lakeshore (03),Public 311 benchmark,Transportation Services,Transportation Services,1.0,In Progress,1,0.0739,Staff decision support only. Not an automated decision.
TOR311-F987192BA044,2026-04-23 14:45:30,Residential Bin Lid Damaged,Scarborough Southwest (20),Public 311 benchmark,Solid Waste Management Services,Solid Waste Management Services,0.9996,Completed,0,0.0002,Staff decision support only. Not an automated decision.
TOR311-917932DA5450,2026-04-02 13:26:50,Residential: Garbage Bin: Exchange to Extra Large,Scarborough-Guildwood (24),Public 311 benchmark,Solid Waste Management Services,Solid Waste Management Services,0.992,Completed,0,0.0001,Staff decision support only. Not an automated decision.
TOR311-400C7ABC7AD5,2026-04-04 10:13:20,Contractor Complaint,Etobicoke Centre (02),Public 311 benchmark,Transportation Services,Transportation Services,0.9932,Completed,0,0.0668,Staff decision support only. Not an automated decision.
TOR311-80E6DB6E303C,2026-04-18 13:26:28,Clean up Litter on Sidewalks and Boulevards,Parkdale-High Park (04),Public 311 benchmark,Solid Waste Management Services,Solid Waste Management Services,0.9873,Completed,0,0.0034,Staff decision support only. Not an automated decision.
TOR311-9EE29ABD9CE9,2026-04-28 10:50:37,Road Pothole / Road Damage,Etobicoke North (01),Public 311 benchmark,Transportation Services,Transportation Services,1.0,Completed,0,0.1157,Staff decision support only. Not an automated decision.
TOR311-A94E37847B49,2026-04-21 16:01:38,Catch Basin - Blocked / Flooding,Parkdale-High Park (04),Public 311 benchmark,Transportation Services,Transportation Services,0.9971,Completed,0,0.1005,Staff decision support only. Not an automated decision.
TOR311-4B0C37806685,2026-04-23 10:08:04,Dangerous or Trapped Wildlife in a Park,Parkdale-High Park (04),Public 311 benchmark,Parks and Recreation,Municipal Licensing & Standards,0.4544,Cancelled,0,0.1349,Staff decision support only. Not an automated decision.
TOR311-528538AD1E9D,2026-04-01 15:23:04,Stump Removal,Toronto-St. Paul's (12),Public 311 benchmark,"Environment, Climate & Forestry","Environment, Climate & Forestry",0.9728,New,1,0.4073,Staff decision support only. Not an automated decision.
TOR311-55B25BC908C1,2026-04-13 08:24:00,Injured - Wildlife,Humber River-Black Creek (07),Public 311 benchmark,Municipal Licensing & Standards,Municipal Licensing & Standards,0.998,Closed,0,0.0021,Staff decision support only. Not an automated decision.
TOR311-26D60F57F00A,2026-04-23 20:51:23,Park Garbage Bin Overflowing,Scarborough Centre (21),Public 311 benchmark,Solid Waste Management Services,Solid Waste Management Services,0.9815,Cancelled,0,0.086,Staff decision support only. Not an automated decision.
TOR311-1D062BAF5825,2026-04-10 12:28:36,Property Standards and Maintenance Violations,Scarborough-Guildwood (24),Public 311 benchmark,Municipal Licensing & Standards,Municipal Licensing & Standards,0.9999,In Progress,1,0.4786,Staff decision support only. Not an automated decision.
TOR311-289BA1BADB81,2026-04-23 14:24:52,Injured - Wildlife,Etobicoke Centre (02),Public 311 benchmark,Municipal Licensing & Standards,Municipal Licensing & Standards,0.9983,Cancelled,0,0.0005,Staff decision support only. Not an automated decision.
TOR311-701BAFCC68FE,2026-04-21 07:52:18,Road - Graffiti Complaint,University-Rosedale (11),Public 311 benchmark,Transportation Services,Transportation Services,0.9698,Completed,0,0.2426,Staff decision support only. Not an automated decision.
TOR311-68D4B92CDD8C,2026-04-15 01:58:36,Stationary Motor Vehicle Noise,Scarborough North (23),Public 311 benchmark,Municipal Licensing & Standards,Municipal Licensing & Standards,0.9926,Completed,0,0.008,Staff decision support only. Not an automated decision.
TOR311-2E35DA482FF5,2026-04-29 12:19:06,Park Litter and Garbage,Scarborough Southwest (20),Public 311 benchmark,Parks and Recreation,Parks and Recreation,0.9895,In Progress,1,0.1472,Staff decision support only. Not an automated decision.
TOR311-24FB4C4DD7AA,2026-04-28 22:32:15,Residential Oversized/Electronics Item Day Collection Not Picked Up,Scarborough-Rouge Park (25),Public 311 benchmark,Solid Waste Management Services,Solid Waste Management Services,0.9975,Completed,0,0.0001,Staff decision support only. Not an automated decision.
TOR311-10DD7938725F,2026-04-06 18:57:21,Residential: Garbage Bin: Additional Extra Large,Don Valley East (16),Public 311 benchmark,Solid Waste Management Services,Solid Waste Management Services,0.9742,Completed,0,0.0022,Staff decision support only. Not an automated decision.
TOR311-74A886D93903,2026-04-30 14:40:04,Traffic Signal Repair,York South-Weston (05),Public 311 benchmark,Transportation Services,Transportation Services,0.9977,Completed,0,0.087,Staff decision support only. Not an automated decision.
TOR311-37E7659D0D9A,2026-04-28 12:05:39,Publication Request - Solid Waste,Parkdale-High Park (04),Public 311 benchmark,311,311,0.9915,Completed,0,0.0007,Staff decision support only. Not an automated decision.
TOR311-B870EAD58B70,2026-04-14 14:31:48,Catch Basin - Blocked / Flooding,Eglinton-Lawrence (08),Public 311 benchmark,Transportation Services,Transportation Services,0.998,Completed,0,0.0186,Staff decision support only. Not an automated decision.
TOR311-2F0186650A6B,2026-04-19 12:07:36,Road Pothole / Road Damage,York Centre (06),Public 311 benchmark,Transportation Services,Transportation Services,1.0,Completed,0,0.1148,Staff decision support only. Not an automated decision.
TOR311-ED4F84213724,2026-04-09 16:11:11,Clean up Debris on Road,Etobicoke Centre (02),Public 311 benchmark,Transportation Services,Transportation Services,0.9963,Completed,0,0.0256,Staff decision support only. Not an automated decision.
TOR311-EDF040853A47,2026-04-18 15:24:58,Property Standards and Maintenance Violations,Scarborough-Agincourt (22),Public 311 benchmark,Municipal Licensing & Standards,Municipal Licensing & Standards,0.9999,In Progress,1,0.2353,Staff decision support only. Not an automated decision.
TOR311-ECE2FF1988B5,2026-04-17 20:04:13,Sewer Service Line-Blocked,Scarborough Southwest (20),Public 311 benchmark,Toronto Water,Toronto Water,0.9999,In Progress,1,0.1046,Staff decision support only. Not an automated decision.
TOR311-B04CC17FCE01,2026-04-26 20:06:17,Road Pothole / Road Damage,Etobicoke North (01),Public 311 benchmark,Transportation Services,Transportation Services,1.0,In Progress,1,0.3156,Staff decision support only. Not an automated decision.
TOR311-9A67170F60EE,2026-04-01 16:07:11,Injured - Wildlife,Scarborough Centre (21),Public 311 benchmark,Municipal Licensing & Standards,Municipal Licensing & Standards,0.9989,Completed,0,0.0004,Staff decision support only. Not an automated decision.
TOR311-3C08FFFE0193,2026-04-17 12:07:44,Bins - Complaint - Solid Waste Management,Willowdale (18),Public 311 benchmark,Solid Waste Management Services,Solid Waste Management Services,0.9896,Completed,0,0.008,Staff decision support only. Not an automated decision.
TOR311-3730212122F3,2026-04-06 18:08:16,Roadside Utility Cut - Settlement,York Centre (06),Public 311 benchmark,Transportation Services,Transportation Services,0.9777,Completed,0,0.2186,Staff decision support only. Not an automated decision.
TOR311-5D1F4D7095DA,2026-04-24 11:26:58,Pick up Dead Wildlife,Don Valley West (15),Public 311 benchmark,Municipal Licensing & Standards,Municipal Licensing & Standards,0.9966,Completed,0,0.0013,Staff decision support only. Not an automated decision.
TOR311-1C8D72515F4B,2026-04-17 16:48:28,Residential / Yard Waste / Missed,Scarborough Centre (21),Public 311 benchmark,Solid Waste Management Services,Solid Waste Management Services,0.9819,Cancelled,0,0.0344,Staff decision support only. Not an automated decision.
TOR311-8C965AFC589A,2026-04-09 14:02:14,Missing/Damaged/Faded/Relocating Street Name or Traffic Signs,University-Rosedale (11),Public 311 benchmark,Transportation Services,Transportation Services,0.998,Completed,0,0.3781,Staff decision support only. Not an automated decision.
TOR311-0BC16AC5F740,2026-04-24 12:27:36,General Tree Maintenance,Willowdale (18),Public 311 benchmark,"Environment, Climate & Forestry","Environment, Climate & Forestry",0.9906,Completed,0,0.4472,Staff decision support only. Not an automated decision.
TOR311-D796BC6DB55A,2026-04-10 09:25:08,Road Pothole / Road Damage,York Centre (06),Public 311 benchmark,Transportation Services,Transportation Services,1.0,Completed,0,0.1045,Staff decision support only. Not an automated decision.
TOR311-0B61A1BFA70E,2026-04-02 14:03:29,Road Pothole / Road Damage,Humber River-Black Creek (07),Public 311 benchmark,Transportation Services,Transportation Services,0.9999,Completed,0,0.2024,Staff decision support only. Not an automated decision.
TOR311-3B1C4AEFF227,2026-04-11 04:09:14,Maintenance Hole-Damage,Parkdale-High Park (04),Public 311 benchmark,Toronto Water,Toronto Water,0.9812,New,1,0.1756,Staff decision support only. Not an automated decision.
TOR311-DE5942F3A1E5,2026-04-23 07:57:28,Road Pothole / Road Damage,Toronto-Danforth (14),Public 311 benchmark,Transportation Services,Transportation Services,1.0,In Progress,1,0.0099,Staff decision support only. Not an automated decision.
TOR311-25D5D0A943D6,2026-04-25 18:40:37,Maintenance Hole-Damage,Spadina-Fort York (10),Public 311 benchmark,Toronto Water,Toronto Water,0.9893,In Progress,1,0.1674,Staff decision support only. Not an automated decision.
TOR311-E9377F388361,2026-04-21 15:04:26,Road Pothole / Road Damage,York Centre (06),Public 311 benchmark,Transportation Services,Transportation Services,1.0,Completed,0,0.1016,Staff decision support only. Not an automated decision.
TOR311-EB1C7595CA1C,2026-04-10 12:32:40,Residential Bin Lid Damaged,York South-Weston (05),Public 311 benchmark,Solid Waste Management Services,Solid Waste Management Services,0.9995,Completed,0,0.0004,Staff decision support only. Not an automated decision.
TOR311-2B1F2DBAE40F,2026-04-01 16:34:17,Postering City Property / Structures,Toronto Centre (13),Public 311 benchmark,Municipal Licensing & Standards,Municipal Licensing & Standards,0.996,Completed,0,0.0527,Staff decision support only. Not an automated decision.
TOR311-4A70028C9C64,2026-04-24 21:16:07,Amplified or Musical Instrument Noise,Willowdale (18),Public 311 benchmark,Municipal Licensing & Standards,Municipal Licensing & Standards,0.9982,In Progress,1,0.0548,Staff decision support only. Not an automated decision.
TOR311-AC776E5D61A5,2026-04-29 07:43:34,Property Standards and Maintenance Violations,Willowdale (18),Public 311 benchmark,Municipal Licensing & Standards,Municipal Licensing & Standards,0.9999,In Progress,1,0.3696,Staff decision support only. Not an automated decision.
TOR311-485825833C2F,2026-04-20 18:11:24,Injured - Wildlife,Parkdale-High Park (04),Public 311 benchmark,Municipal Licensing & Standards,Municipal Licensing & Standards,0.9985,Completed,0,0.0003,Staff decision support only. Not an automated decision.
TOR311-21B8B3D621BE,2026-04-28 21:34:17,Roadway Utility Cut - Settlement,Toronto Centre (13),Public 311 benchmark,Transportation Services,Transportation Services,0.9798,New,1,0.2096,Staff decision support only. Not an automated decision.
TOR311-066232B7AC64,2026-04-07 13:47:57,Road Pothole / Road Damage,Scarborough-Agincourt (22),Public 311 benchmark,Transportation Services,Transportation Services,1.0,Completed,0,0.0246,Staff decision support only. Not an automated decision.
TOR311-134F65E06BEB,2026-04-14 12:48:55,Property Standards and Maintenance Violations,Scarborough-Guildwood (24),Public 311 benchmark,Municipal Licensing & Standards,Municipal Licensing & Standards,0.9999,Completed,0,0.2426,Staff decision support only. Not an automated decision.
TOR311-75AACF55C6D3,2026-04-06 10:18:02,Lead Water Pipes Record Search,University-Rosedale (11),Public 311 benchmark,Toronto Water,Toronto Water,0.9879,Completed,0,0.161,Staff decision support only. Not an automated decision.
TOR311-EB326EAD7D65,2026-04-22 23:04:12,Signs,Spadina-Fort York (10),Public 311 benchmark,Municipal Licensing & Standards,Municipal Licensing & Standards,0.9894,Completed,0,0.1799,Staff decision support only. Not an automated decision.
TOR311-E852916D55DD,2026-04-07 17:13:37,Multi-residential Front End Loaded Garbage Not Picked Up,University-Rosedale (11),Public 311 benchmark,Solid Waste Management Services,Solid Waste Management Services,0.9932,Cancelled,0,0.0006,Staff decision support only. Not an automated decision.
TOR311-30859CAA9E84,2026-04-20 15:37:43,Property Standards and Maintenance Violations,York South-Weston (05),Public 311 benchmark,Municipal Licensing & Standards,Municipal Licensing & Standards,0.9999,Completed,0,0.1366,Staff decision support only. Not an automated decision.
TOR311-52C3078631CC,2026-04-04 15:48:15,Maintenance Holes Lid Loose/Missing,Don Valley East (16),Public 311 benchmark,Transportation Services,Transportation Services,0.9932,Completed,0,0.0233,Staff decision support only. Not an automated decision.
TOR311-F2CA8C7052A7,2026-04-21 16:27:08,Pick up Dead Wildlife,Davenport (09),Public 311 benchmark,Municipal Licensing & Standards,Municipal Licensing & Standards,0.998,Completed,0,0.0007,Staff decision support only. Not an automated decision.
TOR311-814FFFD5F67C,2026-04-15 17:54:39,Zoning Regulations Violations,Scarborough Southwest (20),Public 311 benchmark,Municipal Licensing & Standards,Municipal Licensing & Standards,0.9973,Completed,0,0.2458,Staff decision support only. Not an automated decision.
TOR311-FE6364C15D15,2026-04-29 22:38:41,Additional Residential Organic Bin,Don Valley West (15),Public 311 benchmark,Solid Waste Management Services,Solid Waste Management Services,0.982,In Progress,1,0.0022,Staff decision support only. Not an automated decision.
TOR311-9E88676C7CCC,2026-04-23 05:50:44,Maintenance Holes Lid Loose/Missing,Eglinton-Lawrence (08),Public 311 benchmark,Transportation Services,Transportation Services,0.9968,In Progress,1,0.1386,Staff decision support only. Not an automated decision.
TOR311-AEDD0BFBADC1,2026-04-17 11:07:16,Sewer Service Line-Blocked,Scarborough-Guildwood (24),Public 311 benchmark,Toronto Water,Toronto Water,0.9999,Completed,0,0.0598,Staff decision support only. Not an automated decision.
TOR311-E5016CCFC0ED,2026-04-16 10:43:34,Water Service Line - Low Pressure|| Low Flow - Ongoing,Toronto-Danforth (14),Public 311 benchmark,Toronto Water,Toronto Water,0.9943,Completed,0,0.3244,Staff decision support only. Not an automated decision.
TOR311-D3A70EBB2EB1,2026-04-28 08:52:24,Injured - Wildlife,Spadina-Fort York (10),Public 311 benchmark,Municipal Licensing & Standards,Municipal Licensing & Standards,0.999,Completed,0,0.0004,Staff decision support only. Not an automated decision.
TOR311-B273B53B913F,2026-04-21 14:45:38,Traffic Signal Repair,Parkdale-High Park (04),Public 311 benchmark,Transportation Services,Transportation Services,0.998,Completed,0,0.0777,Staff decision support only. Not an automated decision.
TOR311-D553CAA4152A,2026-04-08 08:27:41,Road Pothole / Road Damage,Don Valley West (15),Public 311 benchmark,Transportation Services,Transportation Services,1.0,Completed,0,0.0737,Staff decision support only. Not an automated decision.
TOR311-453E362A6070,2026-04-24 14:18:15,Sidewalk - Damaged /Brick/Interlock,Beaches-East York (19),Public 311 benchmark,Transportation Services,Transportation Services,0.981,In Progress,1,0.3619,Staff decision support only. Not an automated decision.
TOR311-2B30B1B8FB05,2026-04-13 16:29:45,Graffiti on Private Property,Toronto-Danforth (14),Public 311 benchmark,Municipal Licensing & Standards,Municipal Licensing & Standards,0.9953,In Progress,1,0.4579,Staff decision support only. Not an automated decision.
TOR311-67E60CDE7597,2026-04-10 23:30:06,Business Complaint,Willowdale (18),Public 311 benchmark,Municipal Licensing & Standards,Municipal Licensing & Standards,0.9922,Unknown,1,0.8565,Staff decision support only. Not an automated decision.
TOR311-712D048B91B8,2026-04-16 22:46:25,Construction Noise,Davenport (09),Public 311 benchmark,Municipal Licensing & Standards,Municipal Licensing & Standards,0.9974,Completed,0,0.0186,Staff decision support only. Not an automated decision.
TOR311-4038C80BC912,2026-04-12 00:36:13,Zoning Regulations Violations,Toronto-Danforth (14),Public 311 benchmark,Municipal Licensing & Standards,Municipal Licensing & Standards,0.9969,In Progress,1,0.4531,Staff decision support only. Not an automated decision.
TOR311-3906297C753D,2026-04-01 09:24:09,Road Pothole / Road Damage,Humber River-Black Creek (07),Public 311 benchmark,Transportation Services,Transportation Services,0.9999,Completed,0,0.0736,Staff decision support only. Not an automated decision.
TOR311-936D80BE4175,2026-04-29 17:44:11,Residential: Garbage Bin: Missing,Parkdale-High Park (04),Public 311 benchmark,Solid Waste Management Services,Solid Waste Management Services,0.9956,In Progress,1,0.0061,Staff decision support only. Not an automated decision.
TOR311-6BF39913B146,2026-04-10 08:26:55,Multi-residential Front End Loaded Oversized Items Not Picked Up,Scarborough-Agincourt (22),Public 311 benchmark,Solid Waste Management Services,Solid Waste Management Services,0.9974,Completed,0,0.0014,Staff decision support only. Not an automated decision.
TOR311-1AD919D18446,2026-04-16 13:21:25,Residential Oversized/Electronics Item Day Collection Not Picked Up,Don Valley East (16),Public 311 benchmark,Solid Waste Management Services,Solid Waste Management Services,0.9979,Cancelled,0,0.0003,Staff decision support only. Not an automated decision.
TOR311-9E519BEA91CF,2026-04-16 09:45:02,Report an Encroachment on City Property,Don Valley West (15),Public 311 benchmark,Transportation Services,Transportation Services,0.9959,New,1,0.183,Staff decision support only. Not an automated decision.
TOR311-43C1FED3F805,2026-04-20 17:59:15,Road Pothole / Road Damage,Eglinton-Lawrence (08),Public 311 benchmark,Transportation Services,Transportation Services,1.0,Completed,0,0.0497,Staff decision support only. Not an automated decision.
TOR311-ECED2FA54862,2026-04-01 08:19:14,Sewer Service Line-Blocked,Toronto-St. Paul's (12),Public 311 benchmark,Toronto Water,Toronto Water,0.9999,Completed,0,0.1213,Staff decision support only. Not an automated decision.
TOR311-A8C4ED9C443D,2026-04-29 14:50:00,Unauthorized Tree Injury or Removal,Willowdale (18),Public 311 benchmark,"Environment, Climate & Forestry","Environment, Climate & Forestry",0.9914,Completed,0,0.307,Staff decision support only. Not an automated decision.
TOR311-68CC9C530808,2026-04-13 11:30:45,General Pruning,Scarborough-Rouge Park (25),Public 311 benchmark,"Environment, Climate & Forestry","Environment, Climate & Forestry",0.9958,New,1,0.8282,Staff decision support only. Not an automated decision.
TOR311-DB024CE1C41C,2026-04-01 21:42:22,Publication Request - Solid Waste,Beaches-East York (19),Public 311 benchmark,311,311,0.9929,Completed,0,0.0016,Staff decision support only. Not an automated decision.
TOR311-47F223764F7B,2026-04-23 11:30:24,Investigate - Unsanitary Conditions,Toronto Centre (13),Public 311 benchmark,Municipal Licensing & Standards,Municipal Licensing & Standards,0.9899,Completed,0,0.0506,Staff decision support only. Not an automated decision.
TOR311-08C4DFC176CE,2026-04-08 11:00:07,Taxi|| Limo Complaint,University-Rosedale (11),Public 311 benchmark,Municipal Licensing & Standards,Municipal Licensing & Standards,0.9824,Unknown,1,0.946,Staff decision support only. Not an automated decision.
TOR311-556F8D626613,2026-04-28 13:52:30,Residential Bin Lid Damaged,Scarborough-Guildwood (24),Public 311 benchmark,Solid Waste Management Services,Solid Waste Management Services,0.9996,Completed,0,0.0003,Staff decision support only. Not an automated decision.
TOR311-59451E787D24,2026-04-20 11:04:12,Commercial Tree Pruning,Humber River-Black Creek (07),Public 311 benchmark,"Environment, Climate & Forestry","Environment, Climate & Forestry",0.9705,New,1,0.8053,Staff decision support only. Not an automated decision.
TOR311-2368E624F2AC,2026-04-17 13:21:46,Property Standards and Maintenance Violations,Scarborough-Rouge Park (25),Public 311 benchmark,Municipal Licensing & Standards,Municipal Licensing & Standards,0.9999,Completed,0,0.3919,Staff decision support only. Not an automated decision.
TOR311-D41EB1DFE207,2026-04-10 02:12:55,Unreasonable and Persistent Noise,Davenport (09),Public 311 benchmark,Municipal Licensing & Standards,Municipal Licensing & Standards,0.9896,Completed,0,0.0551,Staff decision support only. Not an automated decision.
TOR311-82C756029FBB,2026-04-29 23:29:36,Property Standards and Maintenance Violations,Davenport (09),Public 311 benchmark,Municipal Licensing & Standards,Municipal Licensing & Standards,0.9999,Completed,0,0.3225,Staff decision support only. Not an automated decision.
TOR311-8A7344E7BBEC,2026-04-30 15:15:57,Residential Bin Wheel Damaged,Davenport (09),Public 311 benchmark,Solid Waste Management Services,Solid Waste Management Services,0.9902,Completed,0,0.0042,Staff decision support only. Not an automated decision.
TOR311-230A7B79DB2F,2026-04-07 09:21:44,Residential Bin Wheel Damaged,Etobicoke Centre (02),Public 311 benchmark,Solid Waste Management Services,Solid Waste Management Services,0.9867,Completed,0,0.0076,Staff decision support only. Not an automated decision.
TOR311-44A21084A89D,2026-04-15 14:05:39,Park Dog Off-leash Area Maintenance,University-Rosedale (11),Public 311 benchmark,Parks and Recreation,Parks and Recreation,0.9596,In Progress,1,0.2456,Staff decision support only. Not an automated decision.
TOR311-A070112D582E,2026-04-30 19:07:20,Injured - Wildlife,Don Valley North (17),Public 311 benchmark,Municipal Licensing & Standards,Municipal Licensing & Standards,0.9976,Completed,0,0.0025,Staff decision support only. Not an automated decision.
TOR311-8BD0B6F789AA,2026-04-07 09:26:39,Road Pothole / Road Damage,Scarborough Centre (21),Public 311 benchmark,Transportation Services,Transportation Services,1.0,Completed,0,0.0082,Staff decision support only. Not an automated decision.
TOR311-120B2E16A3E1,2026-04-16 22:03:26,Road Pothole / Road Damage,University-Rosedale (11),Public 311 benchmark,Transportation Services,Transportation Services,1.0,Completed,0,0.0814,Staff decision support only. Not an automated decision.
TOR311-7EC023F79ECA,2026-04-15 07:18:58,Road Water Ponding,Scarborough-Guildwood (24),Public 311 benchmark,Transportation Services,Transportation Services,0.9849,Completed,0,0.1376,Staff decision support only. Not an automated decision.
TOR311-4BD87DAA4299,2026-04-11 22:34:28,Road Pothole / Road Damage,Etobicoke Centre (02),Public 311 benchmark,Transportation Services,Transportation Services,1.0,Completed,0,0.0314,Staff decision support only. Not an automated decision.
TOR311-BC2E9058151F,2026-04-17 12:04:13,Missing/Damaged/Faded Emergency Traffic Signs,University-Rosedale (11),Public 311 benchmark,Transportation Services,Transportation Services,0.9936,Completed,0,0.3595,Staff decision support only. Not an automated decision.
TOR311-FC4F64FB30E5,2026-04-12 21:10:52,Property Standards and Maintenance Violations,Davenport (09),Public 311 benchmark,Municipal Licensing & Standards,Municipal Licensing & Standards,0.9999,Completed,0,0.1909,Staff decision support only. Not an automated decision.
